Category,Website
Social Media,facebook.com
Social Media,twitter.com
Social Media,instagram.com
Social Media,linkedin.com
Social Media,pinterest.com
Social Media,snapchat.com
Social Media,reddit.com
Social Media,youtube.com
Social Media,tumblr.com
Social Media,flickr.com
Real Estate Websites,zillow.com
Real Estate Websites,realtor.com
Real Estate Websites,trulia.com
Real Estate Websites,redfin.com
Real Estate Websites,homes.com
Real Estate Websites,century21.com
Real Estate Websites,remax.com
Real Estate Websites,loopnet.com
Real Estate Websites,homefinder.com
Real Estate Websites,forsalebyowner.com
Forums and Review Sites,reddit.com
Forums and Review Sites,quora.com
Forums and Review Sites,tripadvisor.com
Forums and Review Sites,yelp.com
Forums and Review Sites,boardgamegeek.com
Forums and Review Sites,stackexchange.com
Forums and Review Sites,bodybuilding.com
Forums and Review Sites,avsforum.com
Forums and Review Sites,city-data.com
Forums and Review Sites,slickdeals.net
Directories,dmoz-odp.org
Directories,yell.com
Directories,whitepages.com
Directories,spoke.com
Directories,aboutus.com
Directories,superpages.com
Directories,yellowbook.com
Directories,manta.com
Directories,merchantcircle.com
Directories,hotfrog.com
