Name;Artist
Friends (Arthur Deep);Arthur Deep
Strawberry;Mango
Stars Above;Luxoid
Sweet Memories;Claes Rosen
Summer Wind;Hokkaido
And Always Sunshine On Your Face;Monojoke
Autumn (Jason Bradberry);Jason Bradberry
Cerro De La Silla;Daniel Mahuad
Song Of Life;Luiz B
Sylleptica;Elfsong
Play (Kobana & Mario Hatchet);Kobana
Alice In Wonderland;Shingo Nakamura
Yesterday's Tears;Jacob Henry
Imagine;Stefan Anion
Synthanelia;Aeron Aether
Strangers (Stefan Anion);Stefan Anion
Grenadines;Claes Rosen
Infinito;G-Tek
Here We Go;Mango
I'll Try;PROFF
Burner;Soundprank
Thai Spa;Shiftone
Perfect Days;Simon Sheppard
Move On (Shingo Nakamura & Kazusa);Shingo Nakamura
Weekend Memories;Kobana
The Night After;Orion & J.Shore
Slip (Approaching Black);Approaching Black
Hidden Beauty;Luiz B
The French Don't Cry;Pinkbox Special
Changes (Abdomen Burst);Abdomen Burst
Sumr;Derix
North Circ;Solarity
Mi Ta;Sergey Tkachev
Juno;Airdraw
Hear The Colors;Kobana
Solitude (Fawn & Digital Sixable);Fawn
There For Me;Shingo Nakamura
Citylanes Airplanes (Album Mix);Mango
We Own The Night;Justin OH
Vesta (Blood Groove & Kikis);Blood Groove & Kikis
Fly Me Home;LTN
Starman;Gregory Esayan
Pillow Fights;Mango
Surrender;Lian July
Free Like A Bird;Blood Groove & Kikis
Tribute;Stendahl
Sighted;Kobana
Ethereal Concepts;Blugazer
Holiday;Barzek
Clear Skies;Robert Nickson
All We Are;LOOPer
Plateau;Barzek
Butterflies;Luiz B
Joy Is Pain;PROFF
This Is Us;Nigel Good
