Name,Artist
Friends,Arthur Deep
Autumn,Emily Haughton
Play,Kobana
Strangers,Stefan Anion
Move On,Shingo Nakamura
Slip,Approaching Black
Changes,Malevich
Solitude,Fawn
Citylanes Airplanes,Mango
Vesta,Blood Groove & Kikis
Apsara,Starman
,Summer Day EP
Iris (Eyes Of A Girl) EP,Soundstorm
Rezi (Remixes),Faskil
Sky In Your Hands (Remixes),Abdomen Burst
Stride (Remixes),Derek Howell
This Is You (Remixes),Sarah Clark
Both (Remixes),Blood Groove & Kikis
The Difference In You (Remixes),Schodt
From A/ to /B (Remixes),Steve Anderson
A Sense Of Wonder / Horizons (Remixes),Dan Sieg
Piece Of Cake (Remixes),Sound Quelle
Second Wind / Altara (Remixes),Johan Vilborg
Meekix (Remixes),Dezza
Pillows (Remixes),Jan Martin
,Sapporo LP
Architect's Dream,Orion & J.Shore
If I Could,Puremusic
,Our Fantastic Life EP
Lake In The Well (Remixes),Aeron Aether
Autumn (Remixes),Emily Haughton
Strawberry (Remixes),Mango
Horizons (Remixes),Jason Bradberry
U EP,Claes Rosen
Goodbye Earth (Remixes),Orion & J.Shore
Changes (Remixes),Malevich
"Brotherhood (Remixes, Pt. 1)",Orion & J.Shore
"Brotherhood (Remixes, Pt. 2)",Orion & J.Shore
Sunrise EP,Delectatio
Life EP,Andrew Odd
Towers (Remixes),Richard J Aarden
,Brotherhood LP
You And Me,Schodt
Dive,Tom Fall
Voices,Tom Fall
Motion,Ad Brown
Mirage,Blood Groove & Kikis
Strings Theory,Aerosoul
Double Tap,Shawn Mitiska
Falling,Blood Groove & Kikis
The Beginning,eleven.five
No Way Back Up,Illuminor
Free,Johnny Norberg
Aquamarine,Piramex
,Do Mo Chailin EP
Good Morning Track (Remixes),Mango
Walls (Remixes),Maxx Hennard
April (Remixes),Schodt
Always Running (Remixes),Sarah Clark
Sleeping Now / Waiting For The Mail Man (Remixes),Marsh
The Four / Sapporo (Remixes),Shingo Nakamura
You're Brighter Than The Sun / Angel No. 8 (Remixes),Schodt
Afloat (Remixes),Richard J Aarden
Darkness Into Light / Gianni (Remixes),Schodt
Nothing Out Here (Remixes),Nigel Good
,Darkness | Light LP
Glide,Play 6 (Bet On Love)
One Way,Faces
Faces,Spend More Time With Me
4U,Yuriy Mikhailov
I Wanna Know,Cloudive
Stories,Biologik
,Come Back EP
Faces,Try / Stars In My Hands EP
Beautiful Change (Remixes),SNR
The Last Stand (Remixes),Koda
Where Has Your Love Gone (Remixes),Fawn
A Call From The Future (Remixes),Technical Lovers
Bleyban (Remixes),Lessov
Satori,Mizar B
Halo,Louder Dale
New School FM,G-Tek
Carry On,LaMeduza
Jacqueline,Aleksey Yakovlev
Hope,Vintage & Morelli
Wonderland,Sky High
City Lights,Jonny Rose
For You,Vintage & Morelli
Clockwork,LTN
Isla Blanca,Aerosoul
,Superman EP
Sunset EP,Gal Abutbul
Moments EP,BXT
City Lights (Remixes),Jonny Rose
Moments (Remixes),BXT
Monday Night / Pilgrimage (Remixes),Gregory Esayan
Sunrise EP,MEH√çLOVE
Pyramid Of Lights (Remixes),Jonny Rose
,The Time Traveller LP
Thank You,eleven.five
Breathe,David Broaders
Jacqueline,"Tribute, Chapter II"
Daydream,Vintage & Morelli
To The Sun,Dan Sieg
Closer,Puremusic
Orion,Sundriver
In Your Arms,Skyline Drive
Remember,eleven.five
Your Eyes,Marsh
Northern Lights,Sam Davies
Airwaves,Chris Domingo
Awaken,Arielle Maren
Departure,Talamanca
When The Sun Goes Down,Talamanca
Summit,Marcelle Antunes
Aurora,Vintage & Morelli
Sunset,The Midnight
Poison,Mandy Reign
Soldiers,Ai Takekawa
Somebody Like You,DASHANIKON
Falling,Sebastian
The Space Between,Universal Solution
Bloom,Vintage & Morelli
Breathe,Vintage & Morelli
Shadows (Uppermost Remix),The Midnight
Arcade Dreams (Timecop1983 Remix),The Midnight
Kids (PROFF Dub Remix),The Midnight
Eden,Lumynesynth
Sailor's Cry (Cressida Remix),A.M.R
Beginnings,A.M.R
,Slipstream EP
Miss You (Remixes),Cat Martin
All We Are (Remixes),Andy Wooding
In Between (Remixes),LTN
Sunset EP,Delectatio
Closer EP,Flashtech
Holiday (Remixes),Victoria Ray
She Is (Remixes),Elly
Vertigo / See You On The Other Side (Remixes),Blugazer
Pressure Point (Remixes),Universal Solution
Sweet Surrender (Remixes),Arielle Maren
Coastal Glow (Remixes),Gregory Esayan
Desire (Remixes),Vintage & Morelli
My Dreams (Remixes),Masoud
Closer (Remixes),Puremusic
Haunted EP,City Lies
Haunted EP,Movement Machina
Changes (Remixes),Gregory Esayan
Afterglow (Remixes),Vintage & Morelli
A Movable Feast (Remixes),BrightnesS
To The Sun (Remixes),Dan Sieg
Cosmos (Remixes),Sam Davies
Taxi (Remixes),Gregory Esayan
Your Eyes (Remixes),Marsh
Always (Remixes),Shingo Nakamura
Sunbound (Remixes),Sam Davies
You Get Me (Remixes),Stendahl
Numb Capsule (Remixes),Gregory Esayan
Believed In You (Remixes),Noel Sanger
Remember (Remixes),eleven.five
Different You (Remixes),Stendahl
Synthetic (Remixes),The Midnight
Timeless EP,Jay FM
Eos (Remixes),Allay
Consequence Of You (Remixes),Cory Friesenhan
Ethereal (Remixes),Brandon Mignacca
Come Alive (Remixes),Z:N
Iridescent / Boundless (Remixes),Sound Quelle
The Meaning EP,Delectatio
Moments EP,Terry Da Libra
Dusk (Remixes),Approaching Black
Bloom / Love Is (Remixes),Vintage & Morelli
Voyager / Flight (Remixes),A.M.R
I've Been Letting Go Of You (Remixes),Astroleaf
Life On The Shore / Me & You (Remixes),Marsh
,Color The Afterglow LP
"Mike Koglin & MoodFreak (Sudhaus) Pres. Best of Progressive House 2016, Vol. 03","Dezza Pres. Best of Progressive House 2016, Vol. 04"
