Category,Website,Link
Real Estate Websites,homefinder,homefinder.com
Sports Websites,espn,espn.com
News,washingtonpost,washingtonpost.com
Directories,merchantcircle,merchantcircle.com
Directories,manta,manta.com
Government and Public Databases,epa,epa.gov
Government and Public Databases,census,census.gov
Government and Public Databases,uspto,uspto.gov
Social Media,tumblr,tumblr.com
Stocks,nasdaq,nasdaq.com
Stocks,finviz,finviz.com
News,aljazeera,aljazeera.com
Jobs,indeed,indeed.com
News,foxnews,foxnews.com
E-commerce,shopify,shopify.com
Stocks,seekingalpha,seekingalpha.com
Jobs,careerbuilder,careerbuilder.com
Real Estate Websites,redfin,redfin.com
Jobs,ziprecruiter,ziprecruiter.com
Real Estate Websites,forsalebyowner,forsalebyowner.com
Jobs,linkedin,linkedin.com
News,nytimes,nytimes.com
Social Media,linkedin,linkedin.com
Sports Websites,nfl,nfl.com
Weather Websites,wunderground,wunderground.com
E-commerce,bestbuy,bestbuy.com
Sports Websites,fifa,fifa.com
Directories,aboutus,aboutus.com
Educational Websites,udemy,udemy.com
Forums and Review Sites,reddit,reddit.com
E-commerce,target,target.com
Weather Websites,foreca,foreca.com
News,theguardian,theguardian.com
Government and Public Databases,data,data.gov
Jobs,snagajob,snagajob.com
Educational Websites,yale.edu,yale.edu
Stocks,finance.yahoo,finance.yahoo.com
Educational Websites,mitocw.mit.edu,mitocw.mit.edu
Educational Websites,khanacademy,khanacademy.org
Social Media,reddit,https://www.reddit.com/r/wallstreetbets/comments/179yndm/update_on_50k_nvda_puts/
Directories,superpages,superpages.com
Government and Public Databases,cdc,cdc.gov
Forums and Review Sites,boardgamegeek,boardgamegeek.com
Weather Websites,weather,weather.gov
Forums and Review Sites,bodybuilding,bodybuilding.com
Social Media,snapchat,snapchat.com
Sports Websites,goal,goal.com
Government and Public Databases,faa,faa.gov
News,reuters,reuters.com
Educational Websites,jstor,jstor.org
Social Media,twitter,twitter.com
Social Media,flickr,flickr.com
Sports Websites,bleacherreport,bleacherreport.com
Government and Public Databases,usa,usa.gov
Sports Websites,nba,nba.com
Sports Websites,cbsports,cbsports.com
Directories,whitepages,whitepages.com
Weather Websites,almanac/weather,almanac.com/weather
Directories,yellowbook,yellowbook.com
Real Estate Websites,century21,century21.com
Weather Websites,meteoblue,meteoblue.com
E-commerce,amazon,https://www.amazon.com/s?k=gaming+keyboard
Jobs,simplyhired,simplyhired.com
Stocks,bloomberg,bloomberg.com
Real Estate Websites,trulia,trulia.com
Social Media,pinterest,pinterest.com
Forums and Review Sites,slickdeals,slickdeals.net
Directories,dmoz-odp,dmoz-odp.org
Forums and Review Sites,tripadvisor,tripadvisor.com
Educational Websites,britannica,britannica.com
E-commerce,alibaba,alibaba.com
Stocks,reuters,reuters.com
Real Estate Websites,zillow,zillow.com
News,bbc,bbc.com
News,forbes,forbes.com
Sports Websites,skysports,skysports.com
Forums and Review Sites,stackexchange,stackexchange.com
E-commerce,walmart,walmart.com
Jobs,dice,dice.com
Educational Websites,nature,nature.com
Jobs,usajobs,usajobs.gov
Government and Public Databases,fbi,fbi.gov
Forums and Review Sites,city-data,city-data.com
Weather Websites,bbc/weather,bbc.com/weather
Directories,hotfrog,hotfrog.com
Educational Websites,edx,edx.org
Real Estate Websites,realtor,realtor.com
E-commerce,etsy,etsy.com
Social Media,youtube,youtube.com
Stocks,zacks,zacks.com
Stocks,investing,investing.com
Forums and Review Sites,avsforum,avsforum.com
Sports Websites,mlb,mlb.com
Weather Websites,metoffice,metoffice.gov.uk
E-commerce,aliexpress,aliexpress.com
Forums and Review Sites,yelp,yelp.com
Stocks,fool,fool.com
E-commerce,newegg,newegg.com
Government and Public Databases,sec,sec.gov
Real Estate Websites,homes,homes.com
News,cnn,cnn.com
Forums and Review Sites,quora,quora.com
Weather Websites,weather,weather.com
Weather Websites,weatherbug,weatherbug.com
Educational Websites,stanfordonline.stanford.edu,stanfordonline.stanford.edu
News,huffpost,huffpost.com
Jobs,monster,monster.com
Directories,spoke,spoke.com
Stocks,marketwatch,marketwatch.com
Directories,yell,yell.com
Jobs,glassdoor,glassdoor.com
Real Estate Websites,remax,remax.com
Real Estate Websites,loopnet,loopnet.com
Social Media,instagram,instagram.com
Weather Websites,accuweather,accuweather.com
Sports Websites,nhl,nhl.com
E-commerce,ebay,ebay.com
Social Media,facebook,facebook.com
Government and Public Databases,nasa,nasa.gov
Educational Websites,coursera,coursera.org
